{
    "cacheVolume": {
        "{0.0.0.00000000}.{7be146c3-7963-4e6e-a115-9d2f8b769abe}": 0.5906875133514404,
        "{0.0.0.00000000}.{d299ecc5-765b-4572-9f49-3bdbac5ec40e}": 0.5,
        "{0.0.0.00000000}.{e0ab983a-8e80-4129-902e-5f8ab6244739}": 1.0
    },
    "cycle": [
        "{0.0.0.00000000}.{7be146c3-7963-4e6e-a115-9d2f8b769abe}",
        "{0.0.0.00000000}.{e0ab983a-8e80-4129-902e-5f8ab6244739}"
    ]
}